,Symbol,Var,Qual
0,XONE,,
1,LNCE,,
2,AVHI,,
3,PULS,,
4,ROC,,
5,GSIG,,
6,LION,,
7,ROSE,,
8,EAC,,
9,COOL,,
10,BWC,,
11,ANAC,,
12,MON,,
13,CSH,,
14,VII,,
15,BRLI,,
16,MIG,,
17,EXAC,,
18,WGL,,
19,SNI,,
20,IG,,
21,BKOR,,
22,TWX,,
23,ANCB,,
24,MFLX,,
25,AET,,
26,CHSCP,,
27,PNK,,
28,FIG,,
29,SHLD,,
30,NSM,,
31,CSBK,,
32,TNH,,
33,COBZ,,
34,BGC,,
35,BMS,,
36,CFNB,,
37,ACFC,,
38,CALD,,
39,HDNG,,
40,CPLA,,
41,PF,,
42,CHFN,,
43,VZ,,
44,GXP,,
45,JNJ,,
46,SHLM,,
47,WCN,,
48,MITL,,
49,MSCC,,
50,RSG,,
51,CL,,
52,PG,,
53,MDLZ,,
54,WM,,
55,PEP,,
56,CYS,,
57,HRL,,
58,HMNF,,
59,MRK,,
60,SLGN,,
61,HSY,,
62,GNCMA,,
63,WMT,,
64,MMC,,
65,WPZ,,
66,AEP,,
67,CACG,,
68,COST,,
69,NEN,,
70,GIS,,
71,ANCX,,
72,MCD,,
73,WVFC,,
74,CHD,,
75,DUK,,
76,XEL,,
77,LNT,,
78,CA,,
79,FLO,,
80,AHL,,
81,ATR,,
82,BMY,,
83,WSBF,,
84,ED,,
85,PSA,,
86,AJG,,
87,PEG,,
88,CVG,,
89,ATO,,
90,BDX,,
91,MSFG,,
92,ICE,,
93,AEE,,
94,WTM,,
95,MKC,,
96,WEC,,
97,RESI,,
98,IDA,,
99,AMGN,,
100,LHO,,
101,VRSK,,
102,BRO,,
103,JKHY,,
104,AHGP,,
105,IEX,,
106,BAH,,
107,STBZ,,
108,PFE,,
109,SO,,
110,GD,,
111,TRNO,,
112,TTC,,
113,YUM,,
114,T,,
115,DG,,
116,ABT,,
117,MDT,,
118,AWK,,
119,DHR,,
120,NDAQ,,
121,DTE,,
122,GBNK,,
123,PNM,,
124,POST,,
125,NEE,,
126,ROP,,
127,D,,
128,BR,,
129,NEU,,
130,LMT,,
131,CPB,,
132,AIQ,,
133,ADM,,
134,HE,,
135,CHE,,
136,BAX,,
137,CLX,,
138,GILD,,
139,NFG,,
140,DGX,,
141,STE,,
142,HON,,
143,THG,,
144,FR,,
145,ALX,,
146,GGG,,
147,PNW,,
148,ARE,,
149,PCAR,,
150,MAA,,
151,NI,,
152,APH,,
153,CSGS,,
154,MO,,
155,TFSL,,
156,TR,,
157,CBZ,,
158,CPT,,
159,TMO,,
160,PFBX,,
161,APD,,
162,EXR,,
163,ADP,,
164,ALL,,
165,IBM,,
166,AME,,
167,PERY,,
168,PPL,,
169,SRE,,
170,MMM,,
171,HTLD,,
172,ACN,,
173,ADC,,
174,CCI,,
175,NNI,,
176,SON,,
177,DRE,,
178,ITW,,
179,ARTNA,,
180,CFFN,,
181,DGICA,,
182,LECO,,
183,SCI,,
184,MORN,,
185,MSM,,
186,MMS,,
187,WSO,,
188,ROL,,
189,TRV,,
190,RPM,,
191,CB,,
192,PAYX,,
193,AZO,,
194,TRC,,
195,CHRW,,
196,EXPO,,
197,AMT,,
198,WABC,,
199,POR,,
200,FDS,,
201,UNP,,
202,ORLY,,
203,OTEX,,
204,CACI,,
205,NOC,,
206,CME,,
207,JNPR,,
208,DRIV,,
209,SBAC,,
210,CMCSA,,
211,FFKT,,
212,CASY,,
213,A,,
214,MNST,,
215,JBSS,,
216,NWBI,,
217,CVS,,
218,SUI,,
219,LXP,,
220,LLY,,
221,V,,
222,LSTR,,
223,CHCO,,
224,MCBK,,
225,RNR,,
226,SR,,
227,COO,,
228,AVB,,
229,DCI,,
230,GNTX,,
231,JCI,,
232,EBF,,
233,LANC,,
234,CSCO,,
235,ALOG,,
236,UNH,,
237,G,,
238,DOV,,
239,WAYN,,
240,SEB,,
241,CBOE,,
242,FAST,,
243,CBSH,,
244,DLB,,
245,RLI,,
246,HR,,
247,CAVM,,
248,ORCL,,
249,NASB,,
250,BCPC,,
251,SXT,,
252,GMAN,,
253,CMI,,
254,MKL,,
255,AVA,,
256,BKH,,
257,NWE,,
258,FE,,
259,UDR,,
260,INGR,,
261,GPC,,
262,UPS,,
263,CNA,,
264,ABC,,
265,VRSN,,
266,HSIC,,
267,CAG,,
268,EBMT,,
269,AKAM,,
270,VLGEA,,
271,WMK,,
272,AIZ,,
273,LII,,
274,AGNC,,
275,MCK,,
276,WU,,
277,UHAL,,
278,EQIX,,
279,CSX,,
280,WAT,,
281,AMID,,
282,IEP,,
283,BSX,,
284,AOS,,
285,DLR,,
286,CALM,,
287,ALE,,
288,HOLX,,
289,EIG,,
290,SEIC,,
291,ASH,,
292,OSIS,,
293,TYL,,
294,MSFT,,
295,NHC,,
296,HUBB,,
297,ECL,,
298,MTD,,
299,TSCO,,
300,AXS,,
301,RE,,
302,FISV,,
303,BRC,,
304,ERIE,,
305,STAG,,
306,PPG,,
307,CBU,,
308,JBHT,,
309,AMSF,,
310,SBUX,,
311,SYK,,
312,UNF,,
313,PKG,,
314,WINA,,
315,GOOG,,
316,AFSI,,
317,CTAS,,
318,AFAM,,
319,PBSK,,
320,CPRT,,
321,HII,,
322,CWT,,
323,NSC,,
324,WTS,,
325,CSL,,
326,NBTB,,
327,Y,,
328,GABC,,
329,THFF,,
330,NDSN,,
331,DHIL,,
332,MCBC,,
333,NECB,,
334,UGI,,
335,MMP,,
336,LSBK,,
337,TSN,,
338,WST,,
339,MGYR,,
340,GSBC,,
341,O,,
342,TDY,,
343,LH,,
344,CFBK,,
345,VMI,,
346,SNA,,
347,WRE,,
348,AFL,,
349,FCN,,
350,XYL,,
351,TBNK,,
352,CALL,,
353,MAS,,
354,CVBF,,
355,TEL,,
356,HMN,,
357,CZWI,,
358,AVY,,
359,SBSI,,
360,RPRX,,
361,PHH,,
362,EA,,
363,ORI,,
364,MDU,,
365,CTBI,,
366,NPK,,
367,UTL,,
368,MCO,,
369,RGCO,,
370,GK,,
371,ASRV,,
372,ARW,,
373,EFX,,
374,CTO,,
375,ESE,,
376,ACGL,,
377,FFIV,,
378,CTSH,,
379,CWBC,,
380,SWX,,
381,VOYA,,
382,TJX,,
383,IRM,,
384,ICFI,,
385,TXN,,
386,CCOI,,
387,IFF,,
388,PBHC,,
389,ATRI,,
390,DPZ,,
391,SONC,,
392,CASS,,
393,CWST,,
394,ALSN,,
395,BLK,,
396,FCCO,,
397,CHH,,
398,HSTM,,
399,UVV,,
400,AAPL,,
401,CIZN,,
402,SCL,,
403,NKE,,
404,HUM,,
405,WDFC,,
406,MA,,
407,TECH,,
408,DIS,,
409,JJSF,,
410,LKFN,,
411,BERY,,
412,ODFL,,
413,TW,,
414,IART,,
415,TRMK,,
416,FNF,,
417,SJW,,
418,WVVI,,
419,SSNC,,
420,EME,,
421,FAF,,
422,REGN,,
423,FSFG,,
424,TFX,,
425,BG,,
426,SNPS,,
427,DEI,,
428,SYBT,,
429,MCY,,
430,EBAY,,
431,SPH,,
432,RMD,,
433,IROQ,,
434,VRTX,,
435,CAT,,
436,PBH,,
437,TCBK,,
438,FBMS,,
439,HCOM,,
440,WAFD,,
441,FWRD,,
442,CUZ,,
443,CAH,,
444,TAP,,
445,PROV,,
446,OTTR,,
447,FMC,,
448,LOW,,
449,RYN,,
450,IDXX,,
451,POOL,,
452,AWI,,
453,FFIN,,
454,BOH,,
455,BRKL,,
456,NEM,,
457,DE,,
458,ENTR,,
459,EXLS,,
460,SMP,,
461,FIS,,
462,USB,,
463,FIBK,,
464,LTC,,
465,ATLO,,
466,MSEX,,
467,BWP,,
468,CSWC,,
469,ROK,,
470,IP,,
471,AROW,,
472,ALG,,
473,XOM,,
474,IT,,
475,ACM,,
476,EGN,,
477,CRWS,,
478,RGR,,
479,HIW,,
480,PSMT,,
481,NYCB,,
482,GMED,,
483,CI,,
484,PEBO,,
485,TGT,,
486,CW,,
487,ALCO,,
488,EDGW,,
489,NTRS,,
490,HEI,,
491,TROW,,
492,CAC,,
493,FMNB,,
494,PNC,,
495,NSIT,,
496,MPW,,
497,BXP,,
498,CINF,,
499,DEL,,
500,AAP,,
501,TRST,,
502,CCK,,
503,PWOD,,
504,GLW,,
505,NRG,,
506,SRCE,,
507,FUL,,
508,PLXS,,
509,BMI,,
510,CSGP,,
511,TTEK,,
512,PB,,
513,BOTJ,,
514,FELE,,
515,EVTC,,
516,INDB,,
517,MWA,,
518,STC,,
519,MET,,
520,PRI,,
521,OCFC,,
522,SEE,,
523,LHCG,,
524,FLT,,
525,MSCI,,
526,PRGS,,
527,ANSS,,
528,VMC,,
529,PKE,,
530,UTHR,,
531,PRK,,
532,LOPE,,
533,ADI,,
534,ATVI,,
535,IBKR,,
536,WTBA,,
537,RHI,,
538,MLM,,
539,MKTX,,
540,GWRE,,
541,TMP,,
542,LAYN,,
543,CVR,,
544,RUSHA,,
545,HTBI,,
546,RGLD,,
547,HUBG,,
548,JFBC,,
549,FFNW,,
550,IMKTA,,
551,FCFS,,
552,NNN,,
553,NJR,,
554,AVT,,
555,GENC,,
556,ITT,,
557,PGEM,,
558,CDNS,,
559,NTCT,,
560,TNC,,
561,RJF,,
562,COLM,,
563,BFIN,,
564,IOSP,,
565,ESGR,,
566,DORM,,
567,CCUR,,
568,WSBC,,
569,AMZN,,
570,NLY,,
571,FLIC,,
572,BAC,,
573,XRAY,,
574,HFWA,,
575,CVX,,
576,CVLT,,
577,HCKT,,
578,RNST,,
579,TAYD,,
580,CODI,,
581,BRKR,,
582,LNN,,
583,INCY,,
584,STBA,,
585,FCBC,,
586,UVSP,,
587,AES,,
588,ESSA,,
589,SSD,,
590,CENTA,,
591,BUSE,,
592,ST,,
593,DNB,,
594,DVA,,
595,THS,,
596,ISRG,,
597,INTU,,
598,UWN,,
599,FOX,,
600,HIG,,
601,JOE,,
602,PRMW,,
603,FUNC,,
604,CRVL,,
605,IPG,,
606,FCNCA,,
607,CENT,,
608,MTN,,
609,GBCI,,
610,MBWM,,
611,AAT,,
612,GRC,,
613,CRL,,
614,XOXO,,
615,UBCP,,
616,BDN,,
617,SCHL,,
618,FONR,,
619,SCHW,,
620,NATI,,
621,FRME,,
622,DD,,
623,WMB,,
624,UBSI,,
625,FCF,,
626,FFIC,,
627,GMET,,
628,PLOW,,
629,SNFCA,,
630,UFPT,,
631,LOGI,,
632,NATH,,
633,FRT,,
634,DMLP,,
635,CNC,,
636,AVGO,,
637,PPC,,
638,IDCC,,
639,SPSC,,
640,CFR,,
641,AGM,,
642,SASR,,
643,FULT,,
644,SRCL,,
645,GPN,,
646,ADBE,,
647,EFSC,,
648,BPOP,,
649,PANW,,
650,NEOG,,
651,HTLF,,
652,RBCAA,,
653,AFCB,,
654,FOXA,,
655,HBCP,,
656,AGX,,
657,IR,,
658,MRTN,,
659,OSK,,
660,WAB,,
661,PX,,
662,AIV,,
663,ODC,,
664,AXP,,
665,SATS,,
666,HMST,,
667,RMBS,,
668,ICUI,,
669,SJI,,
670,MAN,,
671,MASI,,
672,CNS,,
673,LBAI,,
674,QCRH,,
675,VLY,,
676,SYY,,
677,ISBC,,
678,PFS,,
679,CMG,,
680,CATY,,
681,JBL,,
682,PCYO,,
683,CTS,,
684,VPG,,
685,LFUS,,
686,TRMB,,
687,BWA,,
688,REG,,
689,AIT,,
690,WFC,,
691,DCOM,,
692,AZPN,,
693,DX,,
694,FSBW,,
695,HURC,,
696,MEI,,
697,MLAB,,
698,SFNC,,
699,FBHS,,
700,SCCO,,
701,NTAP,,
702,HURN,,
703,ENV,,
704,MOH,,
705,BEN,,
706,ACIW,,
707,RGP,,
708,NWLI,,
709,FDX,,
710,DLTR,,
711,FBC,,
712,HTBK,,
713,CCBG,,
714,HCA,,
715,NVR,,
716,HAIN,,
717,ROST,,
718,INTC,,
719,TTWO,,
720,GLRE,,
721,VRNT,,
722,DJCO,,
723,HPP,,
724,ITIC,,
725,HPQ,,
726,PRU,,
727,AFG,,
728,STX,,
729,HI,,
730,CKX,,
731,FNLC,,
732,UFPI,,
733,WSTG,,
734,UMPQ,,
735,PFG,,
736,GOOD,,
737,WIRE,,
738,BERK,,
739,CVLY,,
740,NUE,,
741,AB,,
742,SLM,,
743,SAL,,
744,AGCO,,
745,APAM,,
746,FBNC,,
747,ZION,,
748,ABM,,
749,CVGW,,
750,PRGO,,
751,OSBC,,
752,EGL,,
753,NHI,,
754,SANM,,
755,PRAA,,
756,FBIZ,,
757,ALV,,
758,VBFC,,
759,SMPL,,
760,CPF,,
761,AZZ,,
762,BFAM,,
763,WWE,,
764,RVSB,,
765,UHS,,
766,WY,,
767,BHE,,
768,C,,
769,SXI,,
770,THRM,,
771,MTX,,
772,IBOC,,
773,IESC,,
774,HRB,,
775,HALO,,
776,BOKF,,
777,VSH,,
778,HTH,,
779,CIEN,,
780,LKQ,,
781,LUV,,
782,HBNC,,
783,ORBT,,
784,FIX,,
785,PFIS,,
786,ENR,,
787,OFIX,,
788,LOAN,,
789,PLUS,,
790,SF,,
791,CZNC,,
792,IBCP,,
793,LULU,,
794,CPSI,,
795,TXT,,
796,CG,,
797,FN,,
798,LNDC,,
799,EVR,,
800,OC,,
801,WSFS,,
802,NBIX,,
803,MAR,,
804,HWKN,,
805,LEG,,
806,CCNE,,
807,SENEB,,
808,TKR,,
809,NWFL,,
810,SBCF,,
811,COLB,,
812,PGC,,
813,MATW,,
814,AMNB,,
815,ORRF,,
816,HOMB,,
817,CFFI,,
818,AMP,,
819,DHI,,
820,AIG,,
821,MLP,,
822,BANR,,
823,DAR,,
824,H,,
825,OFED,,
826,PNFP,,
827,NRIM,,
828,CBAN,,
829,ZBRA,,
830,LCNB,,
831,COKE,,
832,WWD,,
833,BANF,,
834,FICO,,
835,TDG,,
836,RGA,,
837,SNX,,
838,CBT,,
839,WHR,,
840,PDCO,,
841,HUN,,
842,ENS,,
843,LPLA,,
844,EXP,,
845,IPXL,,
846,HNI,,
847,CHK,,
848,PRA,,
849,CNO,,
850,SWK,,
851,HST,,
852,AWAY,,
853,FLS,,
854,KFY,,
855,USNA,,
856,MOFG,,
857,ADSK,,
858,FOR,,
859,TTMI,,
860,AN,,
861,QCOM,,
862,GEF,,
863,VNO,,
864,AMG,,
865,FFBC,,
866,MNRO,,
867,ALEX,,
868,BSRR,,
869,FORR,,
870,NKSH,,
871,PAG,,
872,KWR,,
873,CNOB,,
874,LEA,,
875,STRA,,
876,CWCO,,
877,FISI,,
878,SPLP,,
879,GBLI,,
880,TSBK,,
881,RF,,
882,GCBC,,
883,AGO,,
884,NPO,,
885,TBI,,
886,IBTX,,
887,DOW,,
888,SCG,,
889,QLYS,,
890,AYI,,
891,POWI,,
892,FNB,,
893,MIDD,,
894,SWKS,,
895,UG,,
896,GLP,,
897,LYB,,
898,CCF,,
899,DAKT,,
900,MTRN,,
901,CNMD,,
902,SGEN,,
903,ILMN,,
904,BLKB,,
905,FDP,,
906,BBSI,,
907,GM,,
908,F,,
909,APO,,
910,PSX,,
911,UHT,,
912,TTEC,,
913,EEFT,,
914,PPBI,,
915,THR,,
916,ALTR,,
917,WDAY,,
918,HLF,,
919,IMO,,
920,SMG,,
921,ROIC,,
922,EWBC,,
923,DECK,,
924,TXRH,,
925,FCAP,,
926,DIOD,,
927,ENSG,,
928,PEGA,,
929,FITB,,
930,FTNT,,
931,LZB,,
932,HVT,,
933,SMMF,,
934,NRP,,
935,CHMG,,
936,ABCB,,
937,MAYS,,
938,MMSI,,
939,PFSI,,
940,R,,
941,ATRC,,
942,CRAI,,
943,RELL,,
944,KVHI,,
945,FHN,,
946,HCI,,
947,LAMR,,
948,AKR,,
949,UBA,,
950,COF,,
951,LMAT,,
952,MANH,,
953,CRUS,,
954,NOW,,
955,STLD,,
956,VRTS,,
957,CMC,,
958,B,,
959,HOFT,,
960,CF,,
961,KRO,,
962,AMED,,
963,BHB,,
964,BCO,,
965,NEWT,,
966,ADUS,,
967,CSV,,
968,RUSHB,,
969,UBP,,
970,CTG,,
971,CMCO,,
972,ULTA,,
973,PLPC,,
974,RLJE,,
975,NLSN,,
976,TRNS,,
977,BC,,
978,HSII,,
979,ARR,,
980,CVCY,,
981,CGNX,,
982,NX,,
983,RL,,
984,HAE,,
985,SGA,,
986,OVLY,,
987,WTFC,,
988,FC,,
989,OFG,,
990,MCHP,,
991,LEN,,
992,WEN,,
993,CMP,,
994,EZPW,,
995,SSTK,,
996,IRWD,,
997,MRCY,,
998,LMNR,,
999,NWPX,,
1000,BRT,,
1001,NVEC,,
1002,WLK,,
1003,PODD,,
1004,FBP,,
1005,CMA,,
1006,CIM,,
1007,CBRL,,
1008,MYRG,,
1009,MODN,,
1010,GE,,
1011,HASI,,
1012,PEBK,,
1013,COP,,
1014,FEIM,,
1015,PRFT,,
1016,ENTG,,
1017,GLBZ,,
1018,ABAX,,
1019,SVT,,
1020,SRDX,,
1021,NTGR,,
1022,WOR,,
1023,ACU,,
1024,UNB,,
1025,HCSG,,
1026,NICK,,
1027,VTR,,
1028,HXL,,
1029,NXST,,
1030,HZNP,,
1031,HWBK,,
1032,WEYS,,
1033,XRX,,
1034,BKU,,
1035,BOX,,
1036,SHOO,,
1037,PII,,
1038,GPOR,,
1039,FARO,,
1040,CACC,,
1041,GLF,,
1042,AUBN,,
1043,HAFC,,
1044,TER,,
1045,UFCS,,
1046,HAYN,,
1047,BGS,,
1048,SLG,,
1049,DRI,,
1050,HHC,,
1051,WBS,,
1052,SENEA,,
1053,NOBH,,
1054,SCSC,,
1055,RGEN,,
1056,LAD,,
1057,GIFI,,
1058,WD,,
1059,SLAB,,
1060,ASTE,,
1061,MAT,,
1062,MTZ,,
1063,ACCO,,
1064,IRDM,,
1065,ALKS,,
1066,CBL,,
1067,VIA,,
1068,COWN,,
1069,AMSWA,,
1070,ACNB,,
1071,PRIM,,
1072,OFLX,,
1073,SFE,,
1074,OXM,,
1075,BANC,,
1076,CPHC,,
1077,LVS,,
1078,ABR,,
1079,LPX,,
1080,LPNT,,
1081,URI,,
1082,SAM,,
1083,ACTG,,
1084,GNE,,
1085,MYE,,
1086,LYV,,
1087,MGPI,,
1088,AMAT,,
1089,UBOH,,
1090,SHEN,,
1091,ANGO,,
1092,MPB,,
1093,IVZ,,
1094,EBTC,,
1095,GHM,,
1096,WAL,,
1097,ABG,,
1098,POWL,,
1099,PFIN,,
1100,BCC,,
1101,DGII,,
1102,DFS,,
1103,GNRC,,
1104,AGNCP,,
1105,DGICB,,
1106,FSLR,,
1107,DLX,,
1108,ALB,,
1109,EXEL,,
1110,MRVL,,
1111,SCS,,
1112,CSII,,
1113,PGTI,,
1114,MPWR,,
1115,EDR,,
1116,GBL,,
1117,UBFO,,
1118,AWRE,,
1119,BGCP,,
1120,FIZZ,,
1121,RATE,,
1122,MTG,,
1123,SRI,,
1124,MITK,,
1125,PDFS,,
1126,UNM,,
1127,ERII,,
1128,NFLX,,
1129,SKX,,
1130,PACW,,
1131,MDC,,
1132,IPGP,,
1133,TG,,
1134,MPC,,
1135,NE,,
1136,ALK,,
1137,FLEX,,
1138,NTIC,,
1139,LRCX,,
1140,AGYS,,
1141,SMTC,,
1142,SUPN,,
1143,FSP,,
1144,HLIT,,
1145,SLP,,
1146,PXD,,
1147,TTGT,,
1148,WSM,,
1149,RPT,,
1150,DAL,,
1151,SPG,,
1152,VLO,,
1153,ANDE,,
1154,HSKA,,
1155,FRBK,,
1156,RLGT,,
1157,STRL,,
1158,MCRI,,
1159,AAWW,,
1160,HBI,,
1161,AEIS,,
1162,SEM,,
1163,HY,,
1164,NATR,,
1165,AE,,
1166,PLAB,,
1167,CASH,,
1168,GB,,
1169,DXCM,,
1170,TCBI,,
1171,SNV,,
1172,FIVE,,
1173,APOG,,
1174,BCOR,,
1175,NSSC,,
1176,WCC,,
1177,ALOT,,
1178,BCOV,,
1179,NSP,,
1180,TEX,,
1181,MKSI,,
1182,JBT,,
1183,MHK,,
1184,JACK,,
1185,OVBC,,
1186,GBX,,
1187,ACHC,,
1188,DKS,,
1189,IIIN,,
1190,ABCD,,
1191,WWW,,
1192,TDC,,
1193,HOG,,
1194,ADTN,,
1195,MLNK,,
1196,TOL,,
1197,MTH,,
1198,SLB,,
1199,ECOL,,
1200,AMOT,,
1201,SPB,,
1202,RMCF,,
1203,BDL,,
1204,NFX,,
1205,PCTI,,
1206,TPH,,
1207,SIVB,,
1208,ABMD,,
1209,INTG,,
1210,DCO,,
1211,BECN,,
1212,TREX,,
1213,REIS,,
1214,VSEC,,
1215,ENTA,,
1216,CATO,,
1217,SCHN,,
1218,VC,,
1219,MPAA,,
1220,ITRI,,
1221,UEIC,,
1222,CVCO,,
1223,LRN,,
1224,NSR,,
1225,DISH,,
1226,ROG,,
1227,VAL,,
1228,HSON,,
1229,FUN,,
1230,ULBI,,
1231,PEB,,
1232,TPL,,
1233,KTOS,,
1234,BV,,
1235,HES,,
1236,EPAM,,
1237,HCCI,,
1238,VIVO,,
1239,FSTR,,
1240,WETF,,
1241,FF,,
1242,USAP,,
1243,LSCC,,
1244,XPO,,
1245,CIX,,
1246,NVDA,,
1247,GVA,,
1248,OCLR,,
1249,SPLK,,
1250,VSAT,,
1251,ALNY,,
1252,BKE,,
1253,CEVA,,
1254,INFU,,
1255,IVAC,,
1256,GSIT,,
1257,VAC,,
1258,WDC,,
1259,AVAV,,
1260,AXR,,
1261,CECO,,
1262,MD,,
1263,CECE,,
1264,INT,,
1265,APEI,,
1266,BA,,
1267,RM,,
1268,ALGT,,
1269,CXW,,
1270,TLF,,
1271,FL,,
1272,VNDA,,
1273,MOS,,
1274,BIIB,,
1275,LGL,,
1276,NGS,,
1277,UNTY,,
1278,THO,,
1279,JCTCF,,
1280,WSCI,,
1281,FORM,,
1282,FRD,,
1283,CUBI,,
1284,BLDR,,
1285,GFF,,
1286,SPTN,,
1287,RCII,,
1288,PRLB,,
1289,III,,
1290,ZUMZ,,
1291,DRQ,,
1292,CYBE,,
1293,SYNA,,
1294,LFVN,,
1295,BH,,
1296,SBGI,,
1297,COHR,,
1298,GPI,,
1299,GLT,,
1300,URBN,,
1301,FLXS,,
1302,NSFC,,
1303,NC,,
1304,GTN,,
1305,UTI,,
1306,GEO,,
1307,NS,,
1308,TPX,,
1309,LYTS,,
1310,ATNI,,
1311,UA,,
1312,FCX,,
1313,DCT,,
1314,DLA,,
1315,PAA,,
1316,MED,,
1317,LUNA,,
1318,WLDN,,
1319,AMCX,,
1320,WHG,,
1321,CSPI,,
1322,DLHC,,
1323,SCX,,
1324,NUS,,
1325,INN,,
1326,AVNW,,
1327,JBLU,,
1328,ANIK,,
1329,AIMC,,
1330,HEES,,
1331,PRO,,
1332,LGND,,
1333,YELP,,
1334,PRSS,,
1335,RDI,,
1336,ALGN,,
1337,WGO,,
1338,ITI,,
1339,CRS,,
1340,AEO,,
1341,CAKE,,
1342,SAH,,
1343,CRMT,,
1344,ICCC,,
1345,AMWD,,
1346,DKL,,
1347,BYD,,
1348,TMHC,,
1349,AIR,,
1350,CLDT,,
1351,DIT,,
1352,REX,,
1353,MOV,,
1354,SKT,,
1355,RDNT,,
1356,NCR,,
1357,ARKR,,
1358,SBH,,
1359,AMRC,,
1360,IMAX,,
1361,MGM,,
1362,DWCH,,
1363,AEL,,
1364,HTM,,
1365,TITN,,
1366,RFIL,,
1367,VECO,,
1368,CMTL,,
1369,PNBK,,
1370,AMD,,
1371,ISSC,,
1372,ARII,,
1373,CLFD,,
1374,ACRE,,
1375,SMCI,,
1376,AMKR,,
1377,ADT,,
1378,CERS,,
1379,PESI,,
1380,LNC,,
1381,STRT,,
1382,ATI,,
1383,MHO,,
1384,CDZI,,
1385,MELI,,
1386,ASYS,,
1387,PATK,,
1388,ASUR,,
1389,NOV,,
1390,GNW,,
1391,MCS,,
1392,CHUY,,
1393,STRS,,
1394,EDUC,,
1395,ACLS,,
1396,DXPE,,
1397,CALX,,
1398,PVH,,
1399,IMMR,,
1400,COHU,,
1401,ECOM,,
1402,DENN,,
1403,NTWK,,
1404,INTT,,
1405,MTW,,
1406,DAIO,,
1407,BSET,,
1408,IRBT,,
1409,BLMN,,
1410,UFI,,
1411,CBNK,,
1412,RCKY,,
1413,EFC,,
1414,ODP,,
1415,FINL,,
1416,ADES,,
1417,SEAS,,
1418,STR,,
1419,HZO,,
1420,MTSI,,
1421,SSP,,
1422,QNST,,
1423,LCUT,,
1424,MXL,,
1425,CORT,,
1426,WYNN,,
1427,WLFC,,
1428,TRIP,,
1429,QDEL,,
1430,MPX,,
1431,EPM,,
1432,TLYS,,
1433,GDOT,,
1434,SRPT,,
1435,TAIT,,
1436,SGC,,
1437,VIRC,,
1438,ZEUS,,
1439,BDSI,,
1440,ARI,,
1441,DAN,,
1442,WRLD,,
1443,MAG,,
1444,PDEX,,
1445,SCVL,,
1446,FTI,,
1447,CNX,,
1448,BBRG,,
1449,EBS,,
1450,UIHC,,
1451,FLWS,,
1452,MNTX,,
1453,GAIA,,
1454,SIX,,
1455,NEO,,
1456,RBCN,,
1457,PZG,,
1458,EVC,,
1459,GORO,,
1460,UAL,,
1461,CNSL,,
1462,STAA,,
1463,KOP,,
1464,VICR,,
1465,RH,,
1466,FOLD,,
1467,BZH,,
1468,CCRN,,
1469,MCHX,,
1470,TCI,,
1471,MOD,,
1472,AMBA,,
1473,MTRX,,
1474,GTLS,,
1475,UIS,,
1476,CROX,,
1477,MG,,
1478,PKOH,,
1479,AVID,,
1480,DVN,,
1481,CYAN,,
1482,CAMP,,
1483,DV,,
1484,CLW,,
1485,DRH,,
1486,WTT,,
1487,MHH,,
1488,AA,,
1489,TACT,,
1490,UCTT,,
1491,TDW,,
1492,FANG,,
1493,SKY,,
1494,MAC,,
1495,NGVC,,
1496,VRA,,
1497,AAN,,
1498,SXC,,
1499,INFN,,
1500,PETS,,
1501,TESS,,
1502,EGHT,,
1503,Z,,
1504,RICK,,
1505,ALSE,,
1506,EXAS,,
1507,BRID,,
1508,WSTL,,
1509,EXTR,,
1510,NYMT,,
1511,INFA,,
1512,X,,
1513,SIGA,,
1514,OSUR,,
1515,TREE,,
1516,DY,,
1517,HBIO,,
1518,AOSL,,
1519,SKYW,,
1520,SPR,,
1521,PAR,,
1522,CTHR,,
1523,PFSW,,
1524,DHX,,
1525,CLF,,
1526,TWO,,
1527,LQDT,,
1528,TSLA,,
1529,ATRO,,
1530,FARM,,
1531,PTSI,,
1532,ANF,,
1533,HIBB,,
1534,ARAY,,
1535,VGZ,,
1536,OXY,,
1537,BOOM,,
1538,THC,,
1539,ANGI,,
1540,FFNM,,
1541,CLB,,
1542,OCC,,
1543,CYCCP,,
1544,ARLP,,
1545,HIL,,
1546,TRT,,
1547,UAN,,
1548,DO,,
1549,HA,,
1550,CVI,,
1551,SMIT,,
1552,GEOS,,
1553,INVE,,
1554,LPSN,,
1555,CUTR,,
1556,LTRX,,
1557,LL,,
1558,WYY,,
1559,CTRN,,
1560,LINC,,
1561,M,,
1562,SOHU,,
1563,CPRX,,
1564,EGAN,,
1565,DK,,
1566,TWIN,,
1567,SRT,,
1568,PHX,,
1569,ORN,,
1570,MRC,,
1571,HSC,,
1572,BJRI,,
1573,RCL,,
1574,MN,,
1575,CDXS,,
1576,AMS,,
1577,SANW,,
1578,GPRE,,
1579,SWN,,
1580,FSI,,
1581,ATEC,,
1582,EAT,,
1583,DIN,,
1584,BIG,,
1585,CIR,,
1586,FRGI,,
1587,INSM,,
1588,SE,,
1589,OESX,,
1590,SAVE,,
1591,FB,,
1592,AXTI,,
1593,ASPS,,
1594,IDT,,
1595,PNRG,,
1596,XOMA,,
1597,BELFB,,
1598,NL,,
1599,CLR,,
1600,ICAD,,
1601,TAST,,
1602,TA,,
1603,VALU,,
1604,CYTK,,
1605,HL,,
1606,LEE,,
1607,SMSI,,
1608,XPLR,,
1609,BTN,,
1610,CRVP,,
1611,PW,,
1612,BELFA,,
1613,VHI,,
1614,GCO,,
1615,VOXX,,
1616,MYGN,,
1617,AEY,,
1618,RDIB,,
1619,FMCC,,
1620,RES,,
1621,ICPT,,
1622,RRC,,
1623,URG,,
1624,RFP,,
1625,OB,,
1626,HT,,
1627,CVU,,
1628,STRM,,
1629,BEBE,,
1630,BKD,,
1631,PLCE,,
1632,DDS,,
1633,ARWR,,
1634,AP,,
1635,APA,,
1636,FNMA,,
1637,HTZ,,
1638,CRK,,
1639,CCL,,
1640,UNFI,,
1641,AXL,,
1642,FLR,,
1643,CVGI,,
1644,CNK,,
1645,MSTR,,
1646,LOV,,
1647,NKTR,,
1648,ACAD,,
1649,FLL,,
1650,CHEF,,
1651,NEWP,,
1652,TWI,,
1653,DWSN,,
1654,HHS,,
1655,PENN,,
1656,PXLW,,
1657,CDE,,
1658,LWAY,,
1659,CMLS,,
1660,EHTH,,
1661,CZR,,
1662,AGEN,,
1663,AMSC,,
1664,ARL,,
1665,PTEN,,
1666,QBAK,,
1667,CVV,,
1668,UNAM,,
1669,SNMX,,
1670,CJJD,,
1671,SGMO,,
1672,SNCR,,
1673,EGY,,
1674,NCLH,,
1675,SPWR,,
1676,TPC,,
1677,TZOO,,
1678,PRTS,,
1679,PAY,,
1680,SCOR,,
1681,HNRG,,
1682,DMRC,,
1683,CENX,,
1684,QUAD,,
1685,STXS,,
1686,HALL,,
1687,NR,,
1688,ENPH,,
1689,CONN,,
1690,DYSL,,
1691,BBGI,,
1692,IPI,,
1693,IVR,,
1694,COCO,,
1695,HRT,,
1696,QCCO,,
1697,MIND,,
1698,SIG,,
1699,SOFO,,
1700,ORMP,,
1701,IRIX,,
1702,GIII,,
1703,RKT,,
1704,RRGB,,
1705,ARTW,,
1706,SGMA,,
1707,NSYS,,
1708,GERN,,
1709,CLRO,,
1710,PBI,,
1711,ALR,,
1712,UEC,,
1713,EBIX,,
1714,PACB,,
1715,ATLC,,
1716,PBF,,
1717,PRPH,,
1718,MTDR,,
1719,WTI,,
1720,REFR,,
1721,CCO,,
1722,NCMI,,
1723,VHC,,
1724,TAL,,
1725,BCRX,,
1726,IMGN,,
1727,PCG,,
1728,SVU,,
1729,TGI,,
1730,CHS,,
1731,CLNE,,
1732,APP,,
1733,CPIX,,
1734,IDN,,
1735,STON,,
1736,RNWK,,
1737,ENZN,,
1738,BYFC,,
1739,ECYT,,
1740,NNBR,,
1741,NGL,,
1742,CHMP,,
1743,CGA,,
1744,SUP,,
1745,DVAX,,
1746,GRPN,,
1747,TEN,,
1748,LCI,,
1749,RAD,,
1750,RVP,,
1751,GALT,,
1752,CMRX,,
1753,QUIK,,
1754,MEIP,,
1755,LIVE,,
1756,BXC,,
1757,DRRX,,
1758,SMRT,,
1759,RIGL,,
1760,ALIM,,
1761,PRTA,,
1762,MNKD,,
1763,SLCA,,
1764,MNOV,,
1765,GES,,
1766,RGS,,
1767,PBYI,,
1768,DDD,,
1769,AI,,
1770,SPIR,,
1771,ARRY,,
1772,BODY,,
1773,KOS,,
1774,SPPI,,
1775,CYH,,
1776,IVC,,
1777,SLI,,
1778,CYCC,,
1779,CAR,,
1780,AWX,,
1781,LIFE,,
1782,HOV,,
1783,WHLR,,
1784,GLCH,,
1785,SMLP,,
1786,MACE,,
1787,TISI,,
1788,TTI,,
1789,XL,,
1790,BGFV,,
1791,REED,,
1792,IOT,,
1793,NLS,,
1794,VSTM,,
1795,APT,,
1796,IMH,,
1797,MDXG,,
1798,INTZ,,
1799,PFMT,,
1800,NWBO,,
1801,AAME,,
1802,GCI,,
1803,AEHR,,
1804,ACFN,,
1805,ACET,,
1806,TSRO,,
1807,SALM,,
1808,DBD,,
1809,GSM,,
1810,CLDX,,
1811,FORD,,
1812,ACRX,,
1813,DXLG,,
1814,AXDX,,
1815,BTU,,
1816,NEON,,
1817,OSTK,,
1818,INFI,,
1819,IDRA,,
1820,AERG,,
1821,AWH,,
1822,NU,,
1823,PDCE,,
1824,SM,,
1825,RELV,,
1826,USEG,,
1827,DXR,,
1828,TIGR,,
1829,TORM,,
1830,ESIO,,
1831,TUP,,
1832,AVEO,,
1833,PEI,,
1834,UAMY,,
1835,BBBY,,
1836,SVBL,,
1837,STRN,,
1838,CPE,,
1839,CRMD,,
1840,FTK,,
1841,JAKK,,
1842,SYN,,
1843,LTBR,,
1844,CAAS,,
1845,LXRX,,
1846,STEM,,
1847,IHT,,
1848,PSIX,,
1849,INO,,
1850,SSY,,
1851,FOSL,,
1852,NAVB,,
1853,RGLS,,
1854,CVM,,
1855,FET,,
1856,BLIN,,
1857,LPI,,
1858,POL,,
1859,SEAC,,
1860,CERE,,
1861,UUU,,
1862,RENT,,
1863,ATHX,,
1864,LLL,,
1865,DGLY,,
1866,THRX,,
1867,XRM,,
1868,SPRO,,
1869,CHCI,,
1870,AMRS,,
1871,SYPR,,
1872,LEDS,,
1873,DAVE,,
1874,DSS,,
1875,CLVS,,
1876,SURG,,
1877,VTNR,,
1878,MACK,,
1879,CYTR,,
1880,INTX,,
1881,MFA,,
1882,EFOI,,
1883,CEMI,,
1884,MFCO,,
1885,PBIO,,
1886,FTEK,,
1887,AXAS,,
1888,SEV,,
1889,VIDE,,
1890,ISR,,
1891,GIGA,,
1892,RSYS,,
1893,ACOR,,
1894,COL,,
1895,JOB,,
1896,CLIR,,
1897,BSQR,,
1898,CBI,,
1899,LODE,,
1900,BDMS,,
1901,MARK,,
1902,CIDM,,
1903,GME,,
1904,FCEL,,
1905,LIME,,
1906,ARCW,,
1907,BRN,,
1908,VVC,,
1909,ISIG,,
1910,AIRT,,
1911,NURO,,
1912,INUV,,
1913,PRKR,,
1914,BIOL,,
1915,BTX,,
1916,EXPR,,
1917,MRIN,,
1918,CTIB,,
1919,NLST,,
1920,AHT,,
1921,BBOX,,
1922,SCTY,,
1923,DCTH,,
1924,BIOC,,
1925,IBIO,,
1926,AMTD,,
1927,ASTI,,
1928,TCCO,,
1929,TKOI,,
1930,CARV,,
1931,RCON,,
1932,LTRE,,
1933,STRI,,
1934,CDTI,,
1935,ASTC,,
1936,BDCO,,
1937,CRIS,,
1938,VRTB,,
1939,FALC,,
1940,GEVO,,
1941,AHPI,,
1942,VASO,,
1943,ATOS,,
1944,FNHC,,
1945,AMIN,,
1946,ABIO,,
1947,ACUR,,
1948,NILE,,
1949,ZAZA,,
1950,AMTY,,
1951,WUHN,,
1952,ABMC,,
1953,LGCY,,
1954,ACHN,,
1955,RRTS,,
1956,SCKT,,
1957,HUSA,,
1958,RGC,,
1959,UAHC,,
1960,HAWK,,
1961,PERF,,
1962,IGC,,
1963,BGMD,,
1964,VALV,,
1965,ULGX,,
1966,LOGC,,
1967,GNBT,,
1968,TWER,,
1969,CACH,,
1970,IFNY,,
1971,AFFY,,
1972,ANTH,,
1973,GBR,,
1974,AMCF,,
1975,GCFB,,
1976,TRNX,,
1977,STLY,,
1978,MERR,,
1979,AMPE,,
1980,MRGE,,
1981,LOCM,,
1982,BSPM,,
1983,CXDC,,
1984,DEER,,
1985,QKLS,,
1986,PEDH,,
1987,CMFO,,
1988,MDP,,
1989,CHMT,,
